Feedback_ID,Date,Teacher_Name,Category,Title,Description,Priority
USF001,2024-12-01,Sarah Mitchell,Positive,Love the new grading interface,The updated grading interface is so much cleaner and easier to use. Great work!,Low
USF002,2024-12-01,James Patterson,Issue,Cannot assign different assessments to groups,Trying to assign easier version of math test to struggling students but system won't let me select different assessments for different groups,High
USF003,2024-12-02,Maria Garcia,Bug,Dashboard not loading on iPad,Getting stuck on loading screen when accessing dashboard from iPad Air,Medium
USF004,2024-12-02,David Chen,Issue,Differentiated assessment assignment fails,Spent 20 minutes trying to assign Level A and Level B assessments to different student groups. Keep getting error or it assigns same one to everyone,High
USF005,2024-12-03,Lisa Thompson,Positive,Student progress reports are excellent,The new progress visualization helps me identify struggling students quickly,Low
USF006,2024-12-03,Ahmed Al-Rashid,Feature Request,Bulk edit for student groups,Would love ability to edit multiple student groups at once,Medium
USF007,2024-12-04,Emma Wilson,Issue,Differentiation options not saving,Selected differentiated assessment versions for my reading groups but when I save it reverts to standard assessment,Critical
USF008,2024-12-04,Robert Taylor,Bug,Notifications not working,Haven't received email notifications for completed assignments in 3 days,Medium
USF009,2024-12-05,Priya Sharma,Issue,Can't find how to assign different levels,Interface shows differentiated assessments available but I cannot figure out how to actually assign them to specific students,High
USF010,2024-12-05,Carlos Rodriguez,Positive,Quick feedback feature is great,Being able to give quick audio feedback directly in the app saves so much time,Low
USF011,2024-12-06,Jennifer Brown,Bug,Export function crashes,Trying to export student data to CSV causes app to crash every time,High
USF012,2024-12-06,Mohammed Hassan,Issue,Differentiated assignment interface confusing,The UI for selecting different assessment levels is very confusing. Not clear which students get which version,High
USF013,2024-12-07,Sophie Turner,Issue,Group assignment limitations,Cannot assign assessment A to Group 1 and assessment B to Group 2 in same class. System makes me choose one for all,Critical
USF014,2024-12-08,William Martinez,Positive,Love the new resource library,The expanded resource library has so many great materials I can use,Low
USF015,2024-12-08,Fatima Ali,Bug,Calendar sync not working,Google Calendar integration stopped syncing after last update,Medium
USF016,2024-12-09,Thomas Anderson,Issue,Differentiation by student level not working,Created three student ability groups but system won't let me assign appropriate level assessments to each group,High
USF017,2024-12-09,Rachel Green,Feature Request,Dark mode please,Would really appreciate a dark mode option for late night grading,Low
USF018,2024-12-10,Omar Khalil,Issue,Assignment differentiation keeps resetting,Every time I try to set up differentiated assessments the selections reset when I navigate away,Critical
USF019,2024-12-10,Elena Popov,Positive,Student engagement metrics helpful,The engagement tracking helps me see which students need more support,Low
USF020,2024-12-11,Marcus Johnson,Bug,Mobile app freezes on assessment creation,App freezes whenever I try to create new assessment from my phone,High
USF021,2024-12-11,Aisha Patel,Issue,No clear way to differentiate by readiness level,Documentation says I can differentiate but steps to assign different versions to different readiness groups are unclear,High
USF022,2024-12-12,Daniel Kim,Issue,Differentiated options disappear after selection,Selected advanced and standard versions for different groups but options disappear when I try to confirm,High
USF023,2024-12-12,Natalie Brooks,Positive,Collaboration features work well,Working with my co-teacher on shared assignments is seamless,Low
USF024,2024-12-13,Yuki Tanaka,Bug,Search function returns wrong results,Searching for specific assessments returns unrelated content,Medium
USF025,2024-12-13,Sebastian Meyer,Issue,Cannot save different assessment versions per group,System allows me to select differentiated versions but save button either grays out or assigns same to all students,Critical
USF026,2024-12-14,Olivia Parker,Feature Request,More parent communication options,Need more ways to communicate with parents directly through platform,Medium
USF027,2024-12-14,Hassan Mahmoud,Issue,Differentiation workflow is broken,The entire process of assigning different assessment levels to different student groups seems fundamentally broken,Critical
USF028,2024-12-15,Grace Liu,Positive,Assessment templates save time,Pre-built templates have cut my planning time significantly,Low
USF029,2024-12-15,Andre Silva,Bug,Images not displaying in assignments,Uploaded images show as broken links in student view,High
USF030,2024-12-16,Chloe Adams,Issue,Group-based differentiation not functioning,Created ability groups specifically for differentiated assessments but cannot assign different levels to different groups,High
USF031,2024-12-16,Raj Gupta,Feature Request,Offline mode needed,Need ability to grade when internet connection is spotty,Medium
USF032,2024-12-17,Isabella Romano,Issue,Differentiated assignment UI unclear,Spent 30 minutes trying to figure out differentiated assignment workflow. Very unintuitive,High
USF033,2024-12-17,Kevin O'Brien,Positive,Love the analytics dashboard,Data visualization of class performance is really well done,Low
USF034,2024-12-18,Layla Ahmed,Bug,Auto-save not working,Lost 2 hours of work because auto-save failed during assessment creation,Critical
USF035,2024-12-18,Noah Williams,Issue,Cannot match differentiated content to student needs,Have students at 3 different levels but platform won't let me assign appropriate assessment to each level,High
USF036,2024-12-19,Zara Khan,Feature Request,Voice commands for grading,Voice input for feedback would speed up grading significantly,Low
USF037,2024-12-19,Lucas Fernandez,Issue,Differentiation settings don't persist,Set up differentiated groups and assessments but settings don't save between sessions,Critical
USF038,2024-12-20,Mia Anderson,Positive,Student portfolio feature excellent,Digital portfolios showcase student growth beautifully,Low
USF039,2024-12-20,Ibrahim Youssef,Bug,Video playback issues,Educational videos buffer constantly even with good internet,Medium
USF040,2024-12-21,Sophia Nguyen,Issue,Cannot assign tiered assessments effectively,Have three tiers of same assessment but platform makes it impossible to assign right tier to right students,High
USF041,2024-12-21,Ethan Davis,Feature Request,Custom rubrics needed,Need ability to create fully custom rubrics,Medium
USF042,2024-12-22,Amara Okonkwo,Issue,Differentiated assessment feature is unusable,After multiple attempts cannot successfully assign different assessment levels. Feature appears broken,Critical
USF043,2024-12-22,Alexander Petrov,Positive,Question bank is comprehensive,The question bank has saved me hours of content creation,Low
USF044,2024-12-23,Harper Mitchell,Bug,Gradebook calculation errors,Weighted grades calculating incorrectly for some students,High
USF045,2024-12-23,Jamal Washington,Issue,Group differentiation workflow fails,Workflow for assigning differentiated content to groups consistently fails at final step,Critical
USF046,2024-12-24,Freya Larsson,Feature Request,Integration with Learning Management System,Need tighter integration with our school's LMS,Medium
USF047,2024-12-24,Diego Morales,Issue,Cannot implement differentiation strategy,My differentiation strategy requires assigning varied assessments but platform doesn't support this workflow,High
USF048,2024-12-25,Zoe Campbell,Positive,Platform uptime is excellent,System reliability has been great this semester,Low
USF049,2024-12-26,Arjun Reddy,Bug,Login timeout too aggressive,Getting logged out every 15 minutes requiring constant re-authentication,Medium
USF050,2024-12-26,Nina Kowalski,Issue,Differentiated assessment assignment completely broken,This is the third week trying to set up differentiated assessments. System is fundamentally broken for this use case,Critical
