Date,Event_Name,User_ID,Session_ID,Time_on_Task_Seconds,Task_Completed,Retry_Attempts,Feature_Area,User_Role
2024-12-01,Create_Standard_Assessment,T1001,S10001,124,TRUE,0,Assessment_Creation,Teacher
2024-12-01,Grade_Student_Work,T1002,S10002,89,TRUE,0,Grading,Teacher
2024-12-01,Assign_Differentiated_Assessment,T1003,S10003,456,FALSE,3,Assessment_Assignment,Teacher
2024-12-01,View_Student_Progress,T1004,S10004,67,TRUE,0,Analytics,Teacher
2024-12-01,Create_Student_Groups,T1005,S10005,112,TRUE,0,Class_Management,Teacher
2024-12-02,Assign_Differentiated_Assessment,T1006,S10006,523,FALSE,4,Assessment_Assignment,Teacher
2024-12-02,Create_Standard_Assessment,T1007,S10007,98,TRUE,0,Assessment_Creation,Teacher
2024-12-02,Assign_Standard_Assessment,T1008,S10008,45,TRUE,0,Assessment_Assignment,Teacher
2024-12-02,Assign_Differentiated_Assessment,T1009,S10009,612,FALSE,5,Assessment_Assignment,Teacher
2024-12-02,Grade_Student_Work,T1010,S10010,156,TRUE,0,Grading,Teacher
2024-12-03,View_Reports,T1011,S10011,78,TRUE,0,Analytics,Teacher
2024-12-03,Create_Standard_Assessment,T1012,S10012,134,TRUE,0,Assessment_Creation,Teacher
2024-12-03,Assign_Differentiated_Assessment,T1013,S10013,487,FALSE,3,Assessment_Assignment,Teacher
2024-12-03,Update_Student_Groups,T1014,S10014,89,TRUE,0,Class_Management,Teacher
2024-12-03,Assign_Standard_Assessment,T1015,S10015,52,TRUE,0,Assessment_Assignment,Teacher
2024-12-04,Assign_Differentiated_Assessment,T1016,S10016,678,FALSE,6,Assessment_Assignment,Teacher
2024-12-04,Create_Standard_Assessment,T1017,S10017,143,TRUE,0,Assessment_Creation,Teacher
2024-12-04,Grade_Student_Work,T1018,S10018,167,TRUE,0,Grading,Teacher
2024-12-04,Assign_Differentiated_Assessment,T1019,S10019,534,FALSE,4,Assessment_Assignment,Teacher
2024-12-04,View_Student_Progress,T1020,S10020,71,TRUE,0,Analytics,Teacher
2024-12-05,Assign_Differentiated_Assessment,T1021,S10021,723,FALSE,7,Assessment_Assignment,Teacher
2024-12-05,Create_Student_Groups,T1022,S10022,95,TRUE,0,Class_Management,Teacher
2024-12-05,Assign_Standard_Assessment,T1023,S10023,48,TRUE,0,Assessment_Assignment,Teacher
2024-12-05,Assign_Differentiated_Assessment,T1024,S10024,601,FALSE,5,Assessment_Assignment,Teacher
2024-12-05,Create_Standard_Assessment,T1025,S10025,128,TRUE,0,Assessment_Creation,Teacher
2024-12-06,Grade_Student_Work,T1026,S10026,142,TRUE,0,Grading,Teacher
2024-12-06,Assign_Differentiated_Assessment,T1027,S10027,789,FALSE,8,Assessment_Assignment,Teacher
2024-12-06,View_Reports,T1028,S10028,82,TRUE,0,Analytics,Teacher
2024-12-06,Assign_Differentiated_Assessment,T1029,S10029,645,FALSE,6,Assessment_Assignment,Teacher
2024-12-06,Update_Student_Groups,T1030,S10030,104,TRUE,0,Class_Management,Teacher
2024-12-07,Assign_Differentiated_Assessment,T1031,S10031,856,FALSE,9,Assessment_Assignment,Teacher
2024-12-07,Create_Standard_Assessment,T1032,S10032,121,TRUE,0,Assessment_Creation,Teacher
2024-12-07,Assign_Standard_Assessment,T1033,S10033,56,TRUE,0,Assessment_Assignment,Teacher
2024-12-07,Assign_Differentiated_Assessment,T1034,S10034,712,FALSE,7,Assessment_Assignment,Teacher
2024-12-07,Grade_Student_Work,T1035,S10035,159,TRUE,0,Grading,Teacher
2024-12-08,View_Student_Progress,T1036,S10036,69,TRUE,0,Analytics,Teacher
2024-12-08,Create_Standard_Assessment,T1037,S10037,136,TRUE,0,Assessment_Creation,Teacher
2024-12-08,Assign_Differentiated_Assessment,T1038,S10038,567,FALSE,5,Assessment_Assignment,Teacher
2024-12-08,Create_Student_Groups,T1039,S10039,118,TRUE,0,Class_Management,Teacher
2024-12-08,Assign_Standard_Assessment,T1040,S10040,51,TRUE,0,Assessment_Assignment,Teacher
2024-12-09,Assign_Differentiated_Assessment,T1041,S10041,923,FALSE,10,Assessment_Assignment,Teacher
2024-12-09,Grade_Student_Work,T1042,S10042,148,TRUE,0,Grading,Teacher
2024-12-09,Assign_Differentiated_Assessment,T1043,S10043,701,FALSE,7,Assessment_Assignment,Teacher
2024-12-09,View_Reports,T1044,S10044,76,TRUE,0,Analytics,Teacher
2024-12-09,Create_Standard_Assessment,T1045,S10045,139,TRUE,0,Assessment_Creation,Teacher
2024-12-10,Assign_Differentiated_Assessment,T1046,S10046,834,FALSE,9,Assessment_Assignment,Teacher
2024-12-10,Update_Student_Groups,T1047,S10047,97,TRUE,0,Class_Management,Teacher
2024-12-10,Assign_Standard_Assessment,T1048,S10048,49,TRUE,0,Assessment_Assignment,Teacher
2024-12-10,Assign_Differentiated_Assessment,T1049,S10049,768,FALSE,8,Assessment_Assignment,Teacher
2024-12-10,Grade_Student_Work,T1050,S10050,163,TRUE,0,Grading,Teacher
2024-12-11,Assign_Differentiated_Assessment,T1051,S10051,1012,FALSE,11,Assessment_Assignment,Teacher
2024-12-11,View_Student_Progress,T1052,S10052,73,TRUE,0,Analytics,Teacher
2024-12-11,Create_Standard_Assessment,T1053,S10053,127,TRUE,0,Assessment_Creation,Teacher
2024-12-11,Assign_Differentiated_Assessment,T1054,S10054,689,FALSE,6,Assessment_Assignment,Teacher
2024-12-11,Create_Student_Groups,T1055,S10055,108,TRUE,0,Class_Management,Teacher
2024-12-12,Grade_Student_Work,T1056,S10056,151,TRUE,0,Grading,Teacher
2024-12-12,Assign_Differentiated_Assessment,T1057,S10057,745,FALSE,7,Assessment_Assignment,Teacher
2024-12-12,Assign_Standard_Assessment,T1058,S10058,54,TRUE,0,Assessment_Assignment,Teacher
2024-12-12,Assign_Differentiated_Assessment,T1059,S10059,891,FALSE,9,Assessment_Assignment,Teacher
2024-12-12,View_Reports,T1060,S10060,79,TRUE,0,Analytics,Teacher
2024-12-13,Assign_Differentiated_Assessment,T1061,S10061,967,FALSE,10,Assessment_Assignment,Teacher
2024-12-13,Create_Standard_Assessment,T1062,S10062,132,TRUE,0,Assessment_Creation,Teacher
2024-12-13,Update_Student_Groups,T1063,S10063,101,TRUE,0,Class_Management,Teacher
2024-12-13,Assign_Differentiated_Assessment,T1064,S10064,812,FALSE,8,Assessment_Assignment,Teacher
2024-12-13,Grade_Student_Work,T1065,S10065,145,TRUE,0,Grading,Teacher
2024-12-14,View_Student_Progress,T1066,S10066,68,TRUE,0,Analytics,Teacher
2024-12-14,Assign_Differentiated_Assessment,T1067,S10067,1123,FALSE,12,Assessment_Assignment,Teacher
2024-12-14,Assign_Standard_Assessment,T1068,S10068,47,TRUE,0,Assessment_Assignment,Teacher
2024-12-14,Create_Standard_Assessment,T1069,S10069,141,TRUE,0,Assessment_Creation,Teacher
2024-12-14,Assign_Differentiated_Assessment,T1070,S10070,723,FALSE,7,Assessment_Assignment,Teacher
2024-12-15,Create_Student_Groups,T1071,S10071,113,TRUE,0,Class_Management,Teacher
2024-12-15,Grade_Student_Work,T1072,S10072,158,TRUE,0,Grading,Teacher
2024-12-15,Assign_Differentiated_Assessment,T1073,S10073,856,FALSE,9,Assessment_Assignment,Teacher
2024-12-15,View_Reports,T1074,S10074,81,TRUE,0,Analytics,Teacher
2024-12-15,Assign_Differentiated_Assessment,T1075,S10075,934,FALSE,10,Assessment_Assignment,Teacher
2024-12-16,Assign_Standard_Assessment,T1076,S10076,52,TRUE,0,Assessment_Assignment,Teacher
2024-12-16,Assign_Differentiated_Assessment,T1077,S10077,1089,FALSE,11,Assessment_Assignment,Teacher
2024-12-16,Create_Standard_Assessment,T1078,S10078,129,TRUE,0,Assessment_Creation,Teacher
2024-12-16,Update_Student_Groups,T1079,S10079,99,TRUE,0,Class_Management,Teacher
2024-12-16,Assign_Differentiated_Assessment,T1080,S10080,778,FALSE,8,Assessment_Assignment,Teacher
2024-12-17,Grade_Student_Work,T1081,S10081,154,TRUE,0,Grading,Teacher
2024-12-17,Assign_Differentiated_Assessment,T1082,S10082,1201,FALSE,13,Assessment_Assignment,Teacher
2024-12-17,View_Student_Progress,T1083,S10083,72,TRUE,0,Analytics,Teacher
2024-12-17,Assign_Differentiated_Assessment,T1084,S10084,867,FALSE,9,Assessment_Assignment,Teacher
2024-12-17,Create_Standard_Assessment,T1085,S10085,135,TRUE,0,Assessment_Creation,Teacher
2024-12-18,Assign_Standard_Assessment,T1086,S10086,50,TRUE,0,Assessment_Assignment,Teacher
2024-12-18,Assign_Differentiated_Assessment,T1087,S10087,945,FALSE,10,Assessment_Assignment,Teacher
2024-12-18,Create_Student_Groups,T1088,S10088,106,TRUE,0,Class_Management,Teacher
2024-12-18,Assign_Differentiated_Assessment,T1089,S10089,1034,FALSE,11,Assessment_Assignment,Teacher
2024-12-18,View_Reports,T1090,S10090,77,TRUE,0,Analytics,Teacher
2024-12-19,Grade_Student_Work,T1091,S10091,162,TRUE,0,Grading,Teacher
2024-12-19,Assign_Differentiated_Assessment,T1092,S10092,823,FALSE,8,Assessment_Assignment,Teacher
2024-12-19,Create_Standard_Assessment,T1093,S10093,138,TRUE,0,Assessment_Creation,Teacher
2024-12-19,Assign_Differentiated_Assessment,T1094,S10094,1156,FALSE,12,Assessment_Assignment,Teacher
2024-12-19,Update_Student_Groups,T1095,S10095,103,TRUE,0,Class_Management,Teacher
2024-12-20,View_Student_Progress,T1096,S10096,70,TRUE,0,Analytics,Teacher
2024-12-20,Assign_Standard_Assessment,T1097,S10097,53,TRUE,0,Assessment_Assignment,Teacher
2024-12-20,Assign_Differentiated_Assessment,T1098,S10098,978,FALSE,10,Assessment_Assignment,Teacher
2024-12-20,Grade_Student_Work,T1099,S10099,149,TRUE,0,Grading,Teacher
2024-12-20,Assign_Differentiated_Assessment,T1100,S10100,1089,FALSE,11,Assessment_Assignment,Teacher
2024-12-21,Create_Standard_Assessment,T1101,S10101,131,TRUE,0,Assessment_Creation,Teacher
2024-12-21,Assign_Differentiated_Assessment,T1102,S10102,1267,FALSE,14,Assessment_Assignment,Teacher
2024-12-21,Create_Student_Groups,T1103,S10103,111,TRUE,0,Class_Management,Teacher
2024-12-21,View_Reports,T1104,S10104,83,TRUE,0,Analytics,Teacher
2024-12-21,Assign_Differentiated_Assessment,T1105,S10105,901,FALSE,9,Assessment_Assignment,Teacher
2024-12-22,Assign_Standard_Assessment,T1106,S10106,48,TRUE,0,Assessment_Assignment,Teacher
2024-12-22,Assign_Differentiated_Assessment,T1107,S10107,1178,FALSE,13,Assessment_Assignment,Teacher
2024-12-22,Grade_Student_Work,T1108,S10108,157,TRUE,0,Grading,Teacher
2024-12-22,Update_Student_Groups,T1109,S10109,96,TRUE,0,Class_Management,Teacher
2024-12-22,Assign_Differentiated_Assessment,T1110,S10110,1045,FALSE,11,Assessment_Assignment,Teacher
2024-12-23,View_Student_Progress,T1111,S10111,74,TRUE,0,Analytics,Teacher
2024-12-23,Create_Standard_Assessment,T1112,S10112,126,TRUE,0,Assessment_Creation,Teacher
2024-12-23,Assign_Differentiated_Assessment,T1113,S10113,934,FALSE,10,Assessment_Assignment,Teacher
2024-12-23,Assign_Standard_Assessment,T1114,S10114,51,TRUE,0,Assessment_Assignment,Teacher
2024-12-23,Assign_Differentiated_Assessment,T1115,S10115,1212,FALSE,13,Assessment_Assignment,Teacher
2024-12-24,Grade_Student_Work,T1116,S10116,165,TRUE,0,Grading,Teacher
2024-12-24,Create_Student_Groups,T1117,S10117,109,TRUE,0,Class_Management,Teacher
2024-12-24,Assign_Differentiated_Assessment,T1118,S10118,867,FALSE,9,Assessment_Assignment,Teacher
2024-12-24,View_Reports,T1119,S10119,80,TRUE,0,Analytics,Teacher
2024-12-24,Assign_Differentiated_Assessment,T1120,S10120,1123,FALSE,12,Assessment_Assignment,Teacher
2024-12-25,Create_Standard_Assessment,T1121,S10121,133,TRUE,0,Assessment_Creation,Teacher
2024-12-25,Assign_Standard_Assessment,T1122,S10122,49,TRUE,0,Assessment_Assignment,Teacher
2024-12-25,Update_Student_Groups,T1123,S10123,102,TRUE,0,Class_Management,Teacher
2024-12-25,Grade_Student_Work,T1124,S10124,152,TRUE,0,Grading,Teacher
2024-12-25,View_Student_Progress,T1125,S10125,71,TRUE,0,Analytics,Teacher
2024-12-26,Assign_Differentiated_Assessment,T1126,S10126,1345,FALSE,15,Assessment_Assignment,Teacher
2024-12-26,Create_Standard_Assessment,T1127,S10127,137,TRUE,0,Assessment_Creation,Teacher
2024-12-26,Assign_Differentiated_Assessment,T1128,S10128,1089,FALSE,11,Assessment_Assignment,Teacher
2024-12-26,Assign_Standard_Assessment,T1129,S10129,52,TRUE,0,Assessment_Assignment,Teacher
2024-12-26,Assign_Differentiated_Assessment,T1130,S10130,1234,FALSE,14,Assessment_Assignment,Teacher
